-0.009117221,0.239736418,0
-0.374031419,0.825332758,0
-0.85053715,1.313684085,0
-0.090715144,-1.356249809,0
-0.218834303,0.402502107,0
2.837562916,-0.547010844,0
0.591984686,-0.722458638,0
0.645556702,-0.050528355,0
-0.54508823,0.913839518,0
-0.262165683,-1.162989193,0
-0.506931605,-0.351872641,0
-2.232062176,-1.237976502,0
0.685785549,-0.487490553,0
0.968172777,1.447130864,0
0.129640983,1.316730793,0
-0.585097702,-0.289031744,0
0.440481473,2.203871551,0
0.393006028,1.156061588,0
-0.403850601,-0.832602133,0
0.03066884,-1.570751204,0
0.063012768,0.734559043,0
0.688164824,-0.183805005,0
0.132427103,-2.64492099,0
0.137494471,0.75257648,0
-1.902025977,0.278919117,0
-0.396864919,-1.170565905,0
-2.099317777,1.262422258,0
-1.018135053,-0.632721321,0
1.620958723,-0.114488039,0
0.526585947,-0.302307785,0
0.892081369,-0.767388171,0
0.466890795,-0.124766374,0
-0.031243662,1.6154034,0
1.056812524,1.493419789,0
-0.348494302,-1.125324819,0
0.420416389,1.07746274,0
0.303217561,-0.808342601,0
0.482512407,-1.53791534,0
-1.10578625,-0.144235408,0
0.968784494,-0.578507708,0
2.608042772,1.444887372,0
1.605794427,-1.225311176,0
-0.133106298,-0.660211388,0
0.752995852,-0.133674814,0
1.405551334,0.034128617,0
0.659767897,-0.775634692,0
-0.882332466,0.791720344,0
0.868289795,-0.768384533,0
-0.429205552,-0.326072807,0
-0.646479985,0.928111381,0
0.266186107,-0.568162354,0
-0.163934185,-0.932752536,0
-1.398061368,-1.633229747,0
2.186235344,0.150217545,0
-1.008743734,-1.597108279,0
-1.812095502,-0.471715058,0
0.407104664,0.826576577,0
-0.097652294,0.213977039,0
-1.189578717,-0.327836871,0
-0.422139986,-0.23137381,0
-0.359495397,0.057043189,0
-0.070642905,-1.103946971,0
0.101507565,0.646530906,0
1.369479921,0.582032923,0
0.308045774,1.065750529,0
0.105125247,2.146676725,0
1.650008111,0.813141358,0
0.834453114,-0.844155202,0
-0.558287789,1.00253797,0
0.241375512,1.807605464,0
2.011889645,1.081541323,0
-0.945691436,-0.256991237,0
0.738731155,-1.555660702,0
0.478756045,-0.874281802,0
1.706622557,-0.14239798,0
1.400853473,0.231749281,0
-0.220892214,-1.946563626,0
-2.247389062,0.475854268,0
-0.962866381,0.324460947,0
-1.648280449,0.232631242,0
0.420763914,0.229031989,0
-0.244039961,-0.092639331,0
-1.262320118,2.330157642,0
0.37132275,-0.912748018,0
1.740765173,0.414799714,0
0.624073377,1.369479328,0
0.756202576,0.18269448,0
-0.719655444,1.397989309,0
0.958684858,-1.01016215,0
0.21827835,-0.272213769,0
0.572999129,-0.292376526,0
-0.533266418,-1.335738327,0
0.129422069,-1.034295188,0
-0.170555083,-0.36680908,0
0.158348641,-0.511166417,0
-0.044426926,0.739055767,0
-0.000552484,1.113577248,0
0.963981957,-0.788377429,0
-0.814356632,1.074737111,0
-1.419567878,0.79401807,0
-0.213188122,-0.006269249,0
-0.371844027,-2.982413588,0
-0.035960131,0.241153149,0
-1.413543828,-0.809229201,0
0.177537603,1.822266113,0
1.096403409,-0.450041377,0
-0.909130843,-1.512051065,0
-0.354868607,1.34845811,0
1.66651862,-1.181282011,0
0.854210203,0.30076353,0
0.236731518,0.889208164,0
-0.501247745,-1.355023064,0
0.282827143,-0.365679269,0
0.002367587,1.842220831,0
-1.226382121,1.65891481,0
-0.708488486,-0.793505176,0
1.084630994,0.436911156,0
-0.454791239,2.02747286,0
2.283648286,-0.789251472,0
0.343565256,-1.066164171,0
-1.015853601,-0.995561093,0
-0.626757859,1.023702391,0
-0.849542564,0.455225531,0
-0.959229769,0.393728722,0
-2.129815981,-1.784323099,0
-0.522069041,1.592813951,0
0.880479541,0.182623392,0
1.257578612,-0.513592521,0
-0.826901307,0.490601295,0
-0.382787914,0.778039666,0
-0.133291323,-0.726418127,0
1.096205756,0.772186674,0
-0.70827514,-0.009617809,0
-1.120177806,2.789588839,0
-0.067299944,0.865715721,0
2.246296108,-0.798866769,0
0.240448323,-1.678761553,0
-0.152624497,0.56376839,0
-0.161183892,-0.076592957,0
-0.906343756,0.202495227,0
-0.200024403,1.721507679,0
-0.534599678,0.050186315,0
0.258767405,0.057779466,0
1.213030915,1.390913916,0
-1.536809077,-0.717928545,0
0.500017547,-0.49169625,0
1.423316244,0.744312337,0
-0.955889543,-0.54144681,0
3.128333432,1.551682815,0
0.813534947,-1.255324678,0
1.238181967,2.222779695,0
-0.96517929,0.486491819,0
-0.892265969,0.669821993,0
0.607369616,0.353971549,0
0.735216193,-0.997200539,0
0.211671066,0.277541431,0
1.140936254,-1.274932437,0
-0.552696214,0.380257785,0
-1.155541699,0.271793831,0
-0.652172094,0.348138826,0
-0.548880229,2.609095305,0
-0.032137535,0.086702521,0
-1.11896662,0.200811477,0
1.378665112,-0.217050266,0
-0.744559285,-0.011535602,0
0.213125143,2.204223772,0
0.120996908,-0.098556334,0
-0.622959122,0.06500694,0
-0.048550024,-1.02017093,0
-0.076765559,-1.481972595,0
1.007227616,-1.302363985,0
-1.349015754,0.779050947,0
0.630530435,1.930011861,0
-1.095751513,-1.163059801,0
0.399963974,-0.094861798,0
0.439550182,0.961288823,0
-2.276228807,0.046156862,0
0.514869843,0.39197489,0
-0.676703585,0.26312456,0
0.021370451,1.312945949,0
-0.629314623,0.526943841,0
-0.425891705,-0.590251852,0
-1.363444867,0.607672374,0
-1.001938426,0.438078407,0
2.06516994,0.763404289,0
1.135415868,1.099390757,0
-1.044648509,-0.826570439,0
-1.575161358,-0.47793512,0
-1.673038069,-0.069515967,0
-1.900335297,-0.293630688,0
1.689633804,-0.054730835,0
-0.717676829,1.081123073,0
-0.142078926,0.230890258,0
-0.793378065,-0.011722963,0
-0.429057605,0.259314098,0
1.512760163,-0.557165336,0
0.975158269,-0.157009886,0
0.838347691,-1.383073965,0
-0.210637652,-1.39375194,0
0.591597883,-0.316613792,0
-1.701650613,0.714487997,0
0.002186975,-0.461620928,0
-0.998925533,0.106239978,0
0.960048243,1.335005966,0
-0.238355142,0.056558293,0
-0.32701603,-1.444564213,0
0.654086881,2.465428837,0
-0.135578845,0.065056816,0
-0.03790443,-0.945786208,0
-1.610194792,-1.016896058,0
-2.061435871,-1.264371573,0
0.227479857,-1.211608406,0
-0.320116209,0.937312905,0
-0.37519086,-0.473588913,0
-0.716680781,2.698634129,0
-0.465250998,-0.199141582,0
-0.406044913,1.427131735,0
1.497318354,-2.270575167,0
0.700428247,-0.266845612,0
1.006586773,0.233468116,0
0.092810886,-1.198692064,0
-0.732900578,-0.197959466,0
-0.086021542,-0.464324757,0
0.386724199,-1.553931578,0
0.001228764,1.21287233,0
-0.147766742,-0.672261272,0
-1.654484349,1.616556235,0
-1.861870792,0.445840126,0
0.107562941,-0.780134643,0
-0.993091272,0.140949768,0
-1.138987883,0.34628827,0
0.026800361,-0.658040155,0
-0.438487918,-0.891720417,0
2.064699373,0.294531622,0
-1.021074616,1.328285315,0
-0.22505707,-0.383444738,0
-0.007531498,-0.846502497,0
0.189965932,0.731960325,0
1.332722214,-0.757323642,0
0.78756261,-0.37318632,0
-0.05765801,1.429172397,0
-1.494500931,0.715354763,0
1.08301348,0.163067533,0
-0.041332084,0.257381981,0
0.698239736,-1.854697032,0
-0.399732847,0.396670991,0
-0.36816072,-0.106923267,0
-0.227693223,-0.338667024,0
0.106060371,-0.110401571,0
0.40156799,-1.549076408,0
0.793327204,-1.197943682,0
0.168818627,0.183426263,0
1.690364742,-0.27578977,0
-1.419380741,0.478235252,0
0.800894033,-1.162986776,0
0.374293641,-0.562732141,0
-0.933411321,0.461673194,0
-2.041248995,0.297790571,0
-0.67664539,-1.42600868,0
-0.4881142,0.850164265,0
-2.68470579,-0.953102036,0
-0.698413825,0.462751851,0
0.489186256,0.220526998,0
1.869485795,1.324678354,0
-0.972789961,2.018886293,0
-1.635309401,0.152576515,0
0.852271608,0.353292501,0
-0.028764241,-0.918576961,0
0.373439146,-1.06081243,0
1.830128139,1.020708394,0
-0.466906624,0.652042406,0
-1.013721399,0.845471408,0
-0.330331713,-0.199019295,0
-1.221619052,-0.262292287,0
0.249986698,-2.393473502,0
0.532088965,-0.030127606,0
0.840271787,-0.736312555,0
0.888872543,0.991565163,0
-1.339720783,-1.19709225,0
0.205121843,-1.077083436,0
-0.173353471,-1.091823979,0
0.447331242,-0.552388372,0
0.618770992,1.383976761,0
-1.460922176,-0.171216896,0
-0.884157927,-0.73120566,0
0.460671529,-0.497910837,0
-1.074463413,-0.392809895,0
0.404150491,-1.89423602,0
1.864125696,-0.672317672,0
0.654318151,-0.178123193,0
0.905189526,0.327327113,0
0.302358799,1.088807907,0
-1.237948907,-2.495664618,0
-0.229269103,0.382392401,0
-0.271184971,-0.01576022,0
0.93262271,0.696367285,0
-0.065275018,-0.340349846,0
-0.292481169,-1.010257665,0
0.215107874,-2.255341978,0
1.908657371,0.469918287,0
1.800212935,-0.597245202,0
-0.443099981,0.245356052,0
-0.869042006,-0.731383659,0
0.468063559,-1.600253452,0
1.561648647,1.963685141,0
-1.772732393,0.707178594,0
-0.602241276,1.05815737,0
-0.340060028,-0.123488854,0
-0.463932645,0.003391552,0
-0.17647097,-0.069723528,0
1.166403258,1.417389563,0
0.238485582,0.040182401,0
-1.255220576,-0.551266113,0
-0.192435257,-0.57485873,0
0.609421322,-0.137617551,0
-1.094280355,-1.234117044,0
-1.27000646,0.808193208,0
-0.619478636,-1.143839821,0
1.304194084,0.194327384,0
-0.537064754,0.848536344,0
-0.993977371,0.068413369,0
-1.383287568,-1.242090253,0
0.322903905,1.254012381,0
-0.247280344,-1.140933004,0
0.397850567,-0.894940133,0
0.147541869,-2.369540619,0
0.782086096,2.490203393,0
0.434928221,0.436671753,0
0.756850487,-0.791293892,0
-0.826563464,0.81644257,0
1.557104049,-0.024336934,0
-0.660612927,0.242753398,0
-0.937008036,1.435091889,0
2.240863098,-0.483572753,0
-0.077573726,1.245230796,0
0.351679025,1.834062791,0
-0.5378771,-0.559729601,0
0.562321695,1.908843891,0
-0.777779406,-1.530291289,0
-0.385850798,-0.593532319,0
0.930746219,-1.550809378,0
-1.235946409,0.858971899,0
1.605938571,-2.346414559,0
1.00914553,0.066861778,0
-1.325543956,2.750684468,0
-0.766135914,-0.382661014,0
-0.340051778,1.338650244,0
-0.579882026,0.624086459,0
0.19799756,1.388037701,0
-0.264384552,-1.530804266,0
-0.801730474,-0.772513565,0
1.532277561,1.063402374,0
-0.30743213,0.337423024,0
0.023044164,-0.679238398,0
-1.124970773,0.2383378,0
-2.114170526,-1.244286149,0
0.249524845,-1.37073134,0
-1.536752088,0.390698536,0
-0.652038625,-0.456321256,0
-0.584666663,0.188258493,0
-0.554744552,0.896955665,0
1.818262936,0.052725226,0
1.375852173,1.856920343,0
1.079355231,0.310565181,0
0.298203859,0.614047575,0
0.725586356,0.752270082,0
0.075850232,-0.64641202,0
2.546836281,1.02746632,0
0.542947774,-0.043297717,0
-0.708304965,0.614558719,0
0.552409627,-0.827976072,0
0.154325228,-0.269790509,0
-0.145103557,0.189101436,0
-0.30929249,-0.410743466,0
1.060426619,0.440071307,0
-0.873295166,-0.150228483,0
-0.592895155,0.507527868,0
-0.296067149,0.517114472,0
0.116712757,0.304046608,0
0.058097424,0.755665254,0
1.862660265,-1.623260866,0
1.296464229,-0.003383638,0
-0.53492663,0.646871842,0
0.255148025,0.259132408,0
0.592397804,0.524746103,0
0.339050109,-1.037708881,0
0.96081986,-0.699403982,0
-1.119842204,-0.107231531,0
0.083738586,-1.370242516,0
0.463555675,0.2203802,0
0.515470571,-0.422553752,0
-0.429282223,2.17953786,0
-2.193694575,0.694832986,0
0.868929526,0.515589174,0
-0.472135279,-0.087346092,0
2.590738573,0.098517523,0
-0.248912441,0.085144675,0
-1.029127083,0.246861229,0
-0.27314325,-0.030717948,0
1.62888587,0.439322223,0
-0.933545511,-0.824800942,0
0.153128015,0.742709821,0
1.037324564,0.6017344,0
-1.059383393,1.737821931,0
-1.404456807,1.800867641,0
-0.226954863,1.481798399,0
-0.379643908,0.142392851,0
-0.088645815,1.979788013,0
-0.963073652,0.931759158,0
-1.348388972,0.99655788,0
-0.858202778,0.193143187,0
-0.677652787,-0.430707181,0
0.332067398,0.841438773,0
1.29464967,-0.577914722,0
1.56500014,-0.347931547,0
0.768109552,-0.942385533,0
-0.203529957,-1.274293963,0
-2.62612609,-1.615170132,0
2.298680377,-1.161679721,0
-0.421091468,-1.73188709,0
-0.580456498,-0.29527708,0
0.371757596,1.008200956,0
-0.549148733,-1.491433686,0
-1.997721486,-1.916804889,0
0.762255483,-0.759335014,0
0.156588433,0.483614488,0
-0.564371137,-0.223500947,0
-0.77221576,0.839935246,0
0.30422292,-0.704210193,0
0.626834453,0.130556056,0
-0.824479814,0.007597922,0
-0.187128804,0.699952494,0
0.34228712,0.262176619,0
-1.336127876,0.298923126,0
-0.292776369,0.138625517,0
0.153951843,0.730440859,0
0.587650468,1.127345179,0
-1.156450723,-0.793432642,0
-1.482935587,-0.225140822,0
0.535883583,0.21647624,0
0.197873366,-1.71354594,0
-3.044707516,-0.081054398,0
-0.392202608,-0.640142858,0
0.384652519,2.065831321,0
0.361737939,-1.423162635,0
-0.562198998,0.183686839,0
-0.327235739,-0.776423618,0
-1.978847326,-1.509743097,0
-0.177428491,1.766838128,0
1.318839851,-1.024989842,0
0.007919984,0.204511006,0
0.536658381,-1.755537914,0
-0.200234764,-1.214625604,0
0.127732746,-0.583371225,0
-0.770685821,0.275372143,0
-0.370750139,1.04778216,0
-1.028520646,1.318747231,0
0.45762502,-0.608452807,0
0.106363361,0.346504075,0
1.305849962,-0.877474399,0
-0.084694883,-0.317169084,0
-0.936706999,-1.105627679,0
1.080127581,-0.315886459,0
-1.294028112,-0.521704354,0
0.896753099,-0.335763997,0
1.065534255,-0.828770575,0
0.471066847,-0.764919631,0
0.528986677,1.9710723,0
-0.872662366,0.207040976,0
-0.553830368,1.188321224,0
-1.077206382,1.481493682,0
-0.460747013,-1.83684907,0
1.483975443,0.410606058,0
-0.576129747,-0.977879377,0
-0.534683132,0.863789437,0
-0.530385357,0.096233248,0
0.752280978,-0.586570186,0
-1.489519084,-1.165301293,0
-0.718852647,2.691577037,0
-1.653224937,0.901953767,0
0.606095129,1.592415065,0
0.210295009,0.808507518,0
-1.080423569,0.028932548,0
-0.276566689,0.229887351,0
0.025337296,3.12810242,0
-0.115583206,-0.287247609,0
0.608610228,1.106833681,0
-0.192931611,0.589175215,0
0.17305943,-1.070814449,0
-1.573249109,-0.441804698,0
0.299445997,-1.000033765,0
0.234522317,0.974346287,0
1.344167484,0.289984218,0
1.297394859,-0.345760643,0
-0.670572016,0.470391001,0
1.204407338,-0.177549262,0
1.448102331,0.691669213,0
0.35715127,1.210570704,0
-1.115311794,-1.945449567,0
-0.169089925,1.401285902,0
3.322511708,3.937586178,1
2.751173415,2.316296279,1
3.263351833,3.513061735,1
4.757557417,2.22304211,1
2.728224541,3.614816374,1
4.568930992,3.065263166,1
4.249743987,3.374865235,1
2.872596614,5.013700401,1
3.080756143,1.938742339,1
1.890183474,3.749900667,1
3.474305739,2.556805125,1
2.980076245,2.950412156,1
4.194252944,2.955108986,1
2.134634937,3.354366515,1
4.627205342,2.136366923,1
4.688012054,3.20455405,1
4.629287249,4.056708,1
2.548668479,4.648212175,1
3.741779589,1.006268704,1
2.823036476,5.188137325,1
2.204658657,4.809897751,1
1.206278502,3.838204064,1
3.503244372,1.575772572,1
1.828245822,2.535363482,1
3.783197119,2.419237345,1
3.206017281,1.82328206,1
3.986441776,2.391933733,1
2.661079196,2.644696059,1
3.199787083,2.672421392,1
3.966698242,3.974590087,1
3.391314989,3.792022916,1
2.906659568,4.037726322,1
1.248317279,3.947222144,1
3.899273202,2.077313389,1
2.77709854,2.984205038,1
2.636559593,3.92573371,1
3.250494816,4.671795941,1
2.881106241,4.707473128,1
2.311765925,1.259272297,1
1.54858697,2.342282705,1
4.069889529,3.279131116,1
3.315353881,3.041400158,1
3.22985776,4.090416666,1
1.764473296,3.637500477,1
4.217062999,4.131066755,1
4.744169561,3.591758178,1
2.937706078,3.8566436,1
2.910159902,3.324755442,1
3.395881207,3.341973221,1
0.788676143,1.732703367,1
4.341702714,2.247708758,1
2.757823759,4.695136572,1
3.095150421,2.953299579,1
3.088370034,3.841198267,1
3.227208039,2.079452745,1
2.595521024,3.991461771,1
2.541615534,2.674143181,1
3.754751541,4.927244233,1
2.547731022,4.132438526,1
1.590900052,1.581791818,1
3.560862158,0.641265559,1
1.325492668,2.243254518,1
3.787524092,2.137809749,1
4.712728289,1.523390587,1
1.72509531,3.488625288,1
3.239267195,2.481094492,1
4.586757772,3.63245201,1
1.78498297,4.053970304,1
2.848802612,2.26626315,1
3.001418021,0.857577914,1
3.92996371,3.534895619,1
2.801301809,2.729201807,1
3.620101283,2.504563755,1
4.795508795,3.882417264,1
2.201651301,5.167692879,1
4.283623972,3.138134243,1
0.626083015,2.215585914,1
2.498950817,4.612539299,1
3.057947923,3.19165436,1
3.148961019,2.734708243,1
4.513984694,4.106948978,1
1.302341464,2.797873699,1
1.803808453,3.425108003,1
2.779106473,2.808670876,1
3.039280117,2.947355248,1
2.293551075,4.294203329,1
2.511012857,4.899205731,1
3.872478458,2.445455573,1
2.477486609,1.960068974,1
3.616237397,2.491951666,1
2.195162988,1.67718119,1
3.813272309,2.593891099,1
2.890436239,3.141588585,1
3.413088307,3.328580457,1
3.829220209,4.253387083,1
0.960984163,1.447916494,1
3.577440185,3.293086622,1
3.196449793,2.906761171,1
2.645043544,4.374170555,1
3.566733598,4.13249807,1
2.641745146,3.023912364,1
1.159113842,2.673924669,1
2.737724221,1.726345276,1
3.344140775,1.951169699,1
2.382093429,2.59419617,1
1.040039052,5.224795461,1
3.405962031,2.138562947,1
2.666988223,3.756219201,1
2.947019348,3.654523958,1
0.534880734,2.575979365,1
2.958046081,2.991229415,1
4.403143186,3.657166295,1
2.019406759,3.480576948,1
2.734752054,3.182752373,1
2.684580476,1.503199288,1
2.836795595,1.43809141,1
1.748320039,3.662197247,1
2.937308024,1.658304109,1
4.991926934,3.480962862,1
2.755970527,4.284930664,1
1.447650179,2.343583823,1
2.244230492,2.411059986,1
4.536598665,3.359592499,1
2.919410722,5.275732842,1
2.266624874,3.264735253,1
2.589366067,3.432259412,1
3.932174338,2.383123362,1
3.84706443,3.173606992,1
4.204043051,3.400741284,1
2.286217686,2.618714755,1
3.309333213,2.851490815,1
2.666018288,4.586515147,1
3.265093433,4.705748933,1
4.975316857,4.214291299,1
4.682458527,2.563500112,1
1.479580179,2.514242327,1
2.245975485,4.289345361,1
4.749382878,2.97958885,1
4.209910263,1.888970575,1
4.316611875,3.019673257,1
3.49174543,2.935455532,1
4.298650269,1.214223585,1
3.661821102,1.921653612,1
3.422374494,5.385167984,1
3.973594302,2.728585501,1
3.436643047,2.229317183,1
2.916761414,4.314079364,1
2.043406099,4.063043746,1
3.331490228,3.357044224,1
2.474812145,2.340749558,1
3.228109706,2.733898905,1
3.560605638,3.010970694,1
2.380044875,3.504090247,1
3.260575298,3.794280649,1
1.070258907,2.945352225,1
1.218891702,3.38713153,1
3.31961511,3.954768475,1
2.68860982,3.195804531,1
2.377020605,1.469808771,1
2.518879212,3.519530534,1
4.167339765,1.756641576,1
3.778311539,0.992984639,1
4.787924916,2.520590814,1
2.263914319,1.755852884,1
2.088198383,2.41229439,1
2.633344749,2.239517312,1
2.351622452,3.448083108,1
2.504370725,1.594062583,1
2.715418429,2.970771559,1
1.538600836,3.07517117,1
3.095148407,3.469413451,1
2.013133423,1.685302867,1
4.316120932,3.828247684,1
4.545973804,1.524592631,1
5.201219395,2.945431219,1
2.179075677,3.759338909,1
4.191243713,2.699242112,1
3.090554332,2.853917131,1
1.88049504,3.850565372,1
1.654154832,2.867381923,1
2.063662838,2.108430384,1
2.006584423,3.132412025,1
2.61206987,3.426793706,1
3.308899561,4.340926311,1
3.176277349,1.513400502,1
4.948683864,3.133875411,1
1.230799399,3.673119088,1
2.250936222,3.083993591,1
3.423995306,5.352246885,1
3.599049743,2.484738568,1
4.61331435,2.553667313,1
3.477425952,2.713627025,1
3.486592346,1.943296765,1
2.987536766,4.381128978,1
2.252509511,2.903281574,1
2.862170125,5.048712582,1
3.551411473,3.83559077,1
3.216822644,3.813656288,1
3.61839553,1.881853936,1
3.009515786,2.038401339,1
2.995603882,3.49635448,1
3.678053606,4.37187505,1
5.407543341,3.535247245,1
3.740672659,1.200331044,1
2.266113042,4.184011149,1
2.823632385,2.879612257,1
2.802286308,3.601029668,1
2.179076488,4.900554601,1
2.552338377,3.863596115,1
3.544260724,5.558539378,1
3.922239667,2.667997564,1
4.359773723,5.59512819,1
2.572823333,3.175165207,1
0.954566886,3.842429663,1
1.777133195,1.962794202,1
2.10470452,3.906146131,1
3.869902407,2.942645774,1
1.654057235,3.849224716,1
1.984606606,4.091707109,1
4.349676514,2.973995594,1
1.806632335,3.429230542,1
3.475562047,3.478068308,1
2.589585479,4.378940933,1
4.355433481,3.44031017,1
3.478060491,4.870448078,1
3.275084963,1.552460698,1
2.978350684,3.691124524,1
3.608698189,3.1633227,1
5.566351267,2.17590648,1
4.130113758,2.820638407,1
2.391697254,4.77414924,1
3.028808362,3.885044814,1
3.501199284,2.699549107,1
2.517577047,5.443418885,1
4.177396878,-0.135176608,1
3.127838537,1.592670951,1
4.821414937,2.541064002,1
4.031402442,2.530637948,1
3.574532861,1.87751387,1
1.967065951,2.953917565,1
2.553722804,2.510170319,1
4.110541864,2.910612049,1
3.492199883,0.772818605,1
1.184067802,3.276242458,1
2.022879484,3.511231479,1
3.456228015,2.196969073,1
2.836724175,2.519641361,1
3.129973928,4.340871549,1
1.224732506,3.960849293,1
5.324333255,3.191828141,1
3.517023652,3.127385879,1
3.130953068,2.451271331,1
2.696426396,2.508081229,1
2.887654363,2.788346762,1
2.392426236,2.925758932,1
3.367959999,3.851779579,1
2.492952461,3.997483921,1
4.199548421,3.254190387,1
3.030954294,2.574759552,1
3.004031852,1.417244259,1
3.963483347,4.019094109,1
1.873559024,1.667608831,1
3.586548692,5.777395209,1
2.731404408,3.345196999,1
2.934309946,3.22384292,1
2.295181556,3.171956413,1
3.24136378,3.506901465,1
2.751132742,2.158907391,1
3.297783245,1.155247692,1
3.328034892,3.457903431,1
3.401380718,3.117412954,1
4.750810062,3.527897583,1
3.510211334,4.716834113,1
1.001788279,2.901760653,1
2.203162316,1.216429308,1
2.844659945,1.93423905,1
2.238201322,3.418257705,1
2.006515536,2.143684199,1
4.354759184,1.313588154,1
4.418851713,3.346838049,1
2.346589082,3.159166697,1
2.914794161,3.394243224,1
3.2468223,4.514251437,1
2.879990052,2.516907429,1
3.82633365,2.229993871,1
2.078860189,4.077272826,1
2.289851099,1.821041911,1
3.000890208,3.138752204,1
3.147954832,2.457856225,1
2.606133922,4.647334943,1
1.725937579,2.870260078,1
2.832493789,2.702012607,1
2.816173932,4.179998984,1
3.217827675,2.887510395,1
4.522914609,3.011241004,1
2.227412614,2.416162069,1
1.909865651,4.507595935,1
2.157560408,2.887575322,1
3.328145123,4.014698738,1
2.796823721,1.439028268,1
2.037754888,2.666374655,1
3.832166745,2.280730926,1
2.52252841,3.754300107,1
4.597897309,3.803289419,1
1.185594908,1.636707031,1
2.456873423,3.823656826,1
2.864027943,4.082273232,1
3.785714894,3.370010642,1
5.215412231,2.840665769,1
3.204561634,3.243612551,1
1.778364354,1.38530249,1
4.056493944,2.463989059,1
3.98781767,3.722636615,1
2.450786938,2.411846993,1
2.84149188,1.934500674,1
1.26051765,3.34453932,1
2.646884267,4.046976918,1
2.96465338,2.964156992,1
4.890309428,4.823200488,1
3.875479465,2.716956072,1
2.585728218,2.773888288,1
3.954994846,1.917669719,1
4.370834509,3.407753332,1
2.770400919,1.741186361,1
2.244721231,2.146530982,1
1.090437045,4.11189766,1
4.237641345,2.799018875,1
2.58984066,1.815196456,1
2.222279549,2.212547944,1
2.317884938,3.386426093,1
3.178027868,2.618154301,1
4.553770593,2.686966225,1
4.360908262,3.26064667,1
4.417916967,2.672272207,1
3.709659561,4.11515303,1
3.666656212,3.307162609,1
2.991079745,2.860738979,1
2.896880377,2.760448964,1
1.847471402,2.536303155,1
1.877582293,2.764585908,1
2.863240458,4.104783698,1
3.844606937,3.235085555,1
2.673469016,3.488484205,1
3.120466816,3.934931234,1
1.906566144,2.830336627,1
1.990164117,3.67582803,1
4.535413115,3.407092813,1
4.221052845,2.021237724,1
2.939964317,3.378272157,1
3.367823173,3.865155628,1
2.924197438,3.756723809,1
3.56301151,2.527065867,1
2.115265915,1.617949316,1
2.107919958,2.924056605,1
2.816387615,2.864206281,1
1.61593244,3.341407033,1
3.829781325,1.404722306,1
3.076666742,2.366426341,1
1.51849898,3.023157237,1
2.981368448,3.497945126,1
2.112588661,2.513339474,1
2.9717916,3.261043894,1
2.953463302,2.891140917,1
3.428897035,2.550894377,1
3.849168508,2.460218274,1
3.783055658,2.151645766,1
3.755923588,3.247185569,1
1.20612409,4.826719366,1
2.639063594,2.29338382,1
3.351408644,0.907615055,1
2.080323712,3.549976646,1
4.0639515,3.802526873,1
2.977498457,1.725068088,1
4.983067258,3.331364147,1
5.282388781,2.735855807,1
4.665183829,3.564604244,1
3.345167892,2.754226671,1
4.266338701,3.605981135,1
3.532072124,3.060339865,1
2.3650316,2.382760406,1
3.253874338,2.494477066,1
3.159780538,2.451312562,1
4.5935943,1.721735488,1
2.397725281,3.651604314,1
4.054531933,3.428827678,1
1.302053995,0.583450558,1
2.59434263,1.939542196,1
2.460312262,2.590921425,1
2.709906614,3.53673816,1
3.300534405,1.447863637,1
2.326131842,1.866473591,1
2.52009015,3.821148384,1
1.328853981,1.89448497,1
4.313388183,2.503983163,1
3.760916989,2.589461255,1
2.306641549,2.107436585,1
3.393526464,6.265297777,1
3.028179744,4.95625742,1
1.368360038,2.770341763,1
4.297641996,3.737624883,1
2.760814172,1.14835176,1
2.143824948,2.32436719,1
3.561349741,1.791115908,1
3.62542062,2.50785979,1
3.800083481,3.919061153,1
5.274391452,3.291011561,1
0.371858439,3.005027856,1
1.925540032,1.376081377,1
2.44586475,2.510167574,1
1.78228535,2.876361815,1
3.773125357,3.029911548,1
3.052024025,2.4541145,1
3.117005331,4.535600167,1
3.046969278,2.971568926,1
5.294383732,0.703130985,1
1.81767793,4.056114943,1
1.516142942,3.051043196,1
2.747261009,3.32980158,1
2.38895589,4.765314898,1
4.54324806,3.381248345,1
3.343076392,3.570902224,1
4.8504633,1.726816364,1
3.542776688,2.971105237,1
4.049689017,5.237170825,1
3.0878555,3.203424012,1
3.247325308,3.495784882,1
2.058681456,4.613374551,1
3.76680252,1.853941027,1
1.623904122,2.581722904,1
2.929732815,3.180843469,1
3.795826765,3.872627987,1
4.455962418,2.880725276,1
2.06433387,2.103915614,1
2.561333643,2.809552209,1
2.93573433,3.803634648,1
3.255984369,2.464624495,1
2.596680287,3.657738552,1
4.260257552,2.389172304,1
1.562928698,2.168099378,1
2.073328564,2.528006103,1
1.87611241,4.90977801,1
3.702418619,1.537274804,1
3.17860121,3.653492547,1
2.217868665,1.596282458,1
2.072281766,4.426510569,1
3.183073793,4.473322951,1
1.290347124,3.959270815,1
1.606803541,5.269366148,1
4.503622821,2.548689096,1
2.37186094,0.558471814,1
2.463235972,3.668139553,1
2.249957317,1.724330569,1
2.986668029,1.770282243,1
4.953752077,2.416961984,1
1.826510783,3.330975964,1
3.110755355,4.163989095,1
3.780223074,3.888522506,1
2.118769168,1.726013479,1
1.741490353,3.722784514,1
3.617243601,2.851610673,1
3.272807186,5.492220978,1
4.540037227,4.28779219,1
4.72046703,2.361168698,1
2.45858275,3.787040497,1
1.514689733,2.803642038,1
2.802527727,2.486949977,1
2.993853209,4.663525249,1
1.945784778,1.689093483,1
2.949926828,2.598055298,1
5.203575883,3.25696653,1
1.691485761,4.488357657,1
5.394144513,3.290297358,1
3.792844842,3.133639117,1
4.420925651,3.370991393,1
4.008885717,3.078516434,1
5.174348746,2.754955065,1
3.626147687,3.109937417,1
2.064231828,2.558324403,1
4.687992168,2.817209688,1
3.694793794,3.006588916,1
3.30241567,3.390758021,1
2.133188663,2.45807202,1
1.561483715,2.338259549,1
4.544202295,1.435094671,1
2.043000598,2.4709942,1
3.721399544,4.372961285,1
5.092235107,4.261055565,1
2.620162494,3.851377679,1
3.532779828,2.535025566,1
0.289262395,3.085152158,1
3.919848485,1.929592204,1
3.786156697,1.69463499,1
2.582335954,3.495969473,1
2.434805069,3.160346513,1
2.161521834,-0.303649986,1
1.880965927,1.707777409,1
3.782049589,2.228101132,1
3.46918376,1.588685775,1
6.023607796,3.300910204,1
3.848842846,2.695258781,1
6.025717159,0.123707852,2
5.098987573,4.998062809,2
0.110183884,-3.518843875,2
6.287028862,-0.64704594,2
4.602497412,-2.221427066,2
6.671781421,1.233346624,2
-2.977456992,-1.261380789,2
-0.269960415,-3.584722053,2
-2.898038924,-1.026228518,2
5.442998578,-0.836787305,2
-2.016473286,-2.666997205,2
-2.795513277,3.518921085,2
-1.163854629,5.841082676,2
5.971848141,-0.945255277,2
4.224222862,6.19119996,2
0.166820266,-2.996234744,2
-2.21264162,4.610745009,2
5.273965445,5.173142597,2
4.332724032,5.807896055,2
-2.261003938,-1.179232549,2
-2.979920367,-0.384180704,2
-2.85332278,2.969360875,2
6.726529314,0.929206703,2
4.898555084,-2.115884893,2
6.467569287,-0.202196051,2
6.514408296,1.585888414,2
0.512127442,5.96928484,2
-3.33113975,1.841138676,2
5.648026247,-1.037846503,2
-3.087970888,-0.568824053,2
-3.325604208,0.908429554,2
-1.920188289,-2.366748648,2
1.036690946,6.08926913,2
1.436285879,6.171399693,2
-3.496801111,0.448974281,2
3.359039169,6.497782473,2
4.267870491,-2.054513019,2
-2.195332364,4.50794524,2
6.198982614,4.202645087,2
0.470979316,-3.042571949,2
2.72429056,-3.492671677,2
-0.225722978,5.905421368,2
5.716445332,3.313577858,2
6.079010801,-0.900766464,2
-3.235722878,3.491417378,2
4.464650389,6.073748232,2
3.300226911,6.464231567,2
-3.486120533,0.991474138,2
-2.479162763,4.123054908,2
-2.400980282,4.314488369,2
-2.503073669,3.610521301,2
5.013552777,5.170661405,2
2.872259976,5.941512865,2
6.022786234,2.76709637,2
-3.752657249,0.328560719,2
-2.90281602,-0.957540045,2
-3.778228907,1.708149147,2
-1.821382623,-1.765459157,2
-0.60470516,5.765704675,2
-2.952925559,4.504315726,2
3.873765361,-2.326906952,2
3.264168194,-3.057979531,2
-1.906591549,-2.013154937,2
-1.889183641,-2.64122752,2
1.892094385,-3.088264359,2
6.170395511,1.780046546,2
-2.443599967,3.701267523,2
-3.140047404,2.231361562,2
0.045852953,6.706927324,2
1.49614727,6.734301121,2
6.179114315,3.022809591,2
-2.422192341,-1.400048181,2
6.367707927,3.462163144,2
-3.020351437,0.151295893,2
-2.404770124,4.852440562,2
-3.05566661,0.314553903,2
6.201265267,2.957896594,2
3.950074634,-3.372964387,2
6.585679886,-0.448800859,2
5.993664808,3.173115408,2
-2.798607787,-0.020494127,2
-2.443523681,-2.113242444,2
6.930418903,0.93296108,2
5.687693376,-1.216836971,2
2.060545751,6.113478282,2
-3.449586228,-0.121701968,2
-0.885944461,5.711185287,2
4.538943276,5.958756866,2
-3.137877054,-1.322067067,2
-0.315343948,-3.09617118,2
3.59311871,-3.495508233,2
-0.060233362,-2.81977533,2
6.259860129,-0.269225174,2
6.266355938,3.305527028,2
-1.696873114,-1.959713266,2
0.339931067,-3.675153415,2
-3.78701895,0.495932282,2
4.604315508,5.512015645,2
0.391653916,6.185238379,2
-3.323824451,2.674146331,2
1.712912876,6.624577149,2
-2.683320212,4.86691673,2
6.80976584,2.105059977,2
6.623207306,-0.276230834,2
-0.632269297,5.469189448,2
-3.5043127,3.740326773,2
3.505626691,6.525488912,2
1.462312056,-3.927556213,2
-3.314968015,3.579132652,2
-2.466226939,4.277138046,2
5.105356593,4.595000509,2
2.855891948,6.448482831,2
1.750518798,-3.590336673,2
-0.494123609,-3.248713025,2
-2.139320773,-1.326601587,2
4.41702685,-2.178739164,2
4.335389091,5.525166331,2
6.440062266,0.920821149,2
1.786951793,-3.414754923,2
-3.580927694,2.810296472,2
-2.819069669,3.389401159,2
2.957901722,6.634784634,2
-0.669857907,-2.765139382,2
-2.859525921,3.77251072,2
6.474465614,2.353730681,2
-3.262305844,1.403653069,2
-3.743775957,1.087557607,2
-3.58501126,0.141069116,2
-3.623365252,1.368834957,2
-3.564246376,1.468041175,2
1.752324422,6.881871351,2
-3.338233432,-0.539474057,2
1.792070207,6.98481865,2
6.428783518,2.880019558,2
6.252222557,1.114849291,2
5.521591227,3.756200045,2
5.445263391,-2.190479462,2
3.644079357,6.443442169,2
-3.281588114,-0.963355476,2
3.136395754,-3.286195939,2
6.099711204,0.636732656,2
-3.145837588,4.053540562,2
-2.937412711,-0.873093868,2
6.170030565,0.480432169,2
-0.004631188,6.204849565,2
4.826684997,5.506657937,2
3.386441631,-3.320556299,2
-2.559567853,4.681343746,2
2.016363919,-3.583733788,2
3.052041942,6.169906895,2
3.837109293,-2.797184709,2
4.088074757,-2.443773088,2
1.75272013,-3.927372659,2
-3.150381692,2.640307665,2
-0.324355519,6.336498883,2
6.270656635,1.570438792,2
6.25032892,0.604443019,2
4.123181503,5.262139369,2
2.904999542,-3.320765916,2
6.503587044,3.082137555,2
-0.320139054,-3.497890607,2
0.54001039,6.613028922,2
6.812381474,1.774020685,2
-2.442348873,-2.254327936,2
6.812493152,2.363826286,2
5.939515346,-0.125551405,2
-3.430445267,1.987758229,2
5.465646706,-1.765960852,2
1.001427901,6.278419976,2
-1.354703269,-3.15892992,2
0.738655779,6.003109221,2
-3.509048868,0.15090075,2
-2.421698205,4.885759268,2
-0.990852358,-3.331955191,2
6.325599057,1.480510887,2
-2.848650291,2.691650118,2
4.905490925,-2.785440614,2
0.741539423,-3.24946318,2
3.839816157,6.426872119,2
5.650304336,3.352658261,2
4.225450318,-3.040400609,2
-3.302412775,3.695103324,2
5.979251356,4.003386202,2
-1.510946936,-2.240017749,2
4.754529637,5.637169037,2
-2.536832645,5.150291834,2
6.298292225,0.903339608,2
0.431098827,-3.168681776,2
-1.372968893,-2.119901175,2
-3.713259251,3.076786237,2
6.731851623,1.379150008,2
-0.492135979,-3.511552844,2
1.752924669,6.893905614,2
-0.1320719,6.500113204,2
5.79265601,-0.19273731,2
1.082618778,-3.305595764,2
6.879834724,1.894239953,2
6.532680556,2.044345632,2
0.113233072,6.800985411,2
6.165973384,3.183280713,2
5.945542058,4.032356126,2
-0.788810479,5.869929682,2
2.805314473,-3.028152124,2
4.190633947,5.178400281,2
-1.682902885,-2.280426415,2
-3.771043506,0.294539378,2
-2.893398273,2.745101836,2
5.319024601,5.083716441,2
6.14817955,0.227156548,2
1.967504996,6.569160869,2
3.312605783,-2.747573993,2
2.871231815,-3.590346471,2
-0.065133084,6.633150504,2
0.223641938,-3.12666636,2
2.746941621,6.076542027,2
-0.078703023,-2.843909247,2
-2.372637933,4.618061414,2
-1.444087584,5.468444711,2
1.606413543,-3.749752349,2
-3.262191149,0.005110659,2
2.982977556,-3.132556268,2
1.469475771,6.624985017,2
-1.535808808,5.316497662,2
-1.949522951,-1.797098319,2
-3.500303578,2.447025985,2
-1.572319748,-1.921312709,2
6.682891104,2.524055106,2
3.453333903,-3.640986499,2
1.172800282,6.72032849,2
-3.607526002,1.133118406,2
-1.697138041,5.92512341,2
-3.188706151,-0.560667147,2
-2.915063379,0.396147085,2
3.424185101,6.574892191,2
2.4128391,6.464249955,2
6.779080133,1.029631782,2
0.048192243,-3.091653463,2
-3.382013868,-0.171335766,2
5.53625049,4.225644478,2
5.984263087,-0.075913955,2
4.603476208,-2.424536179,2
5.503964769,-2.036588018,2
1.487850301,-3.562127192,2
-3.350971524,-0.799360346,2
-2.933347152,-0.213521822,2
5.542853335,3.907376671,2
1.828832291,-3.085280453,2
-0.500945055,-3.58013027,2
1.69635252,-3.927487863,2
-3.061840539,0.707273745,2
5.914324625,2.951390612,2
1.851442075,6.318244281,2
-3.846810772,1.80523194,2
2.235730661,-3.236482125,2
-2.959626893,0.002462389,2
-2.927864642,-1.304110545,2
3.683296681,-2.538274146,2
-0.448060404,6.54912985,2
4.589739893,6.046986715,2
5.304698573,4.68168583,2
1.400171231,6.933149566,2
5.557859375,-0.557580881,2
-3.036051487,1.283311734,2
4.712979003,5.45518865,2
6.741204538,1.522193213,2
-2.427982917,4.781324477,2
4.515801234,-2.171800761,2
-3.020508563,1.273200489,2
-1.775379933,-1.864312675,2
1.178165423,6.64455877,2
-3.102975789,2.132085677,2
-3.569101623,2.704784292,2
-3.388765065,0.371074095,2
6.159010512,3.887235295,2
-3.826443408,0.346386012,2
5.303096394,-2.428563062,2
4.435953102,-2.344276013,2
2.674386307,6.528935373,2
-2.717826874,4.855238324,2
-3.391077367,3.788561265,2
2.532002039,6.744336697,2
4.124038016,-2.59788117,2
1.140719866,6.564361682,2
6.173716634,1.068849125,2
6.246378301,0.519017868,2
-0.005624041,-2.773099905,2
3.529662253,-2.693127676,2
5.368609561,-2.25062558,2
5.983540917,-1.178472026,2
4.872461632,-1.756203104,2
6.718117334,-0.163158456,2
1.102483083,-3.625258508,2
4.832751659,5.343948969,2
-3.832281689,1.58955617,2
6.41314759,3.639061397,2
-3.495848758,0.572054328,2
1.761041962,6.521753887,2
-0.924518073,6.122965058,2
-2.342381753,-2.066011974,2
5.835799836,4.26656509,2
-3.325746386,-0.179137589,2
-3.300367177,-0.125251445,2
1.448241566,-3.550799797,2
6.631284241,1.790007481,2
6.261020614,2.374502854,2
-3.31849085,-0.807750864,2
0.249130183,6.01208842,2
6.329952687,2.211376361,2
-1.108943245,5.331592315,2
1.289713173,-3.208431955,2
-2.820304621,4.261435459,2
1.04657238,6.619713054,2
3.121440386,6.106857967,2
-2.062452687,-1.574851812,2
0.295371753,-3.332111271,2
1.006214519,-3.46537626,2
3.96533339,-2.585176145,2
0.703291715,-3.732402917,2
2.063547991,-3.937430033,2
-3.620740563,0.51687607,2
-3.370414005,0.098814215,2
-3.007234444,2.234897558,2
4.2542067,5.346552499,2
5.153995153,-2.540352551,2
0.334364655,5.961068346,2
2.845207817,6.703103377,2
5.366663133,5.122283671,2
4.314691896,5.01911827,2
-3.623290362,1.878605629,2
2.757311728,-3.451029955,2
2.811063165,-3.340675465,2
-0.002850463,-3.30975302,2
-1.50867338,-2.80863225,2
6.879399584,1.805867348,2
-0.800035028,-3.229538653,2
-2.954397528,-0.677582065,2
-3.452194726,1.410543125,2
3.177601548,6.593055902,2
0.829317233,-2.961371198,2
3.522854518,-3.460716059,2
-1.584231517,5.090191004,2
-1.773950242,5.05892229,2
0.68447904,6.619091764,2
-2.362284781,4.80741493,2
-1.06688775,5.876891251,2
5.532291739,-1.121676579,2
0.460105046,-3.563921207,2
6.437117106,1.187539272,2
-0.876558981,-2.788530833,2
-3.170721893,3.921886389,2
4.524735859,5.273127616,2
-2.737686728,-1.5679818,2
6.417311296,1.363060259,2
-1.379949817,-2.763961976,2
-1.256100911,-3.191092243,2
-3.080204857,-0.487040443,2
-3.106312533,0.040525356,2
6.064769645,3.9650678,2
-1.271529566,5.413786796,2
0.285465395,-3.71823405,2
0.159193212,6.205489585,2
5.388132705,-2.386999227,2
1.19487515,-3.270589112,2
3.676952338,-3.163932732,2
4.773575148,-2.774315049,2
6.567632153,3.443400242,2
-0.682009971,-3.051971467,2
-2.586402502,4.18871579,2
3.997534711,5.404474643,2
-1.312393332,5.157735349,2
2.257691111,6.392763537,2
-0.208940675,6.474771868,2
-3.705110519,1.83317145,2
-1.786642784,-2.112958354,2
1.64409416,6.222036041,2
-2.083484446,-2.224217772,2
-3.881312492,0.832080883,2
1.089364211,6.931678647,2
-3.6245092,-0.350391626,2
6.717085584,1.965682061,2
2.674764355,-3.173510147,2
-1.989289084,-2.461627973,2
5.470551264,-1.260952762,2
-2.073588674,-1.722919186,2
5.575365788,-2.087657515,2
0.759137818,6.592712693,2
-2.560350042,3.966165389,2
6.266927798,2.266021173,2
4.9007113,-2.650352583,2
5.632530622,-1.430940703,2
-0.767439155,-3.119061436,2
6.385184564,3.641608592,2
6.008551408,3.971781416,2
0.877504461,5.982122562,2
4.351521631,5.257191686,2
-1.981855076,4.558603314,2
3.970681863,5.294789063,2
-3.574205639,0.982337897,2
6.496039494,0.592068892,2
2.544679969,-3.027168497,2
-3.739255379,1.842791913,2
-3.036868495,1.88395418,2
-1.2455343,-2.479051029,2
4.817324431,-2.295887731,2
-3.041262402,3.270032879,2
-0.977302568,-3.267260552,2
0.167800795,6.351369381,2
3.963721619,-3.123000769,2
4.892708217,4.498161356,2
-3.500755205,1.08871473,2
-1.111465029,5.561888125,2
1.65974657,6.112572522,2
3.887390724,-2.933624014,2
-2.317321259,5.162205125,2
5.328862108,4.028191899,2
-3.432820219,2.650627782,2
-3.527031776,3.228950469,2
4.921600961,-2.53187725,2
3.918321557,-2.962248123,2
-1.446433388,5.476153312,2
5.660736586,-1.483015239,2
-2.811384065,4.236420577,2
1.990582844,6.391756552,2
-3.344394322,0.790075723,2
5.311867235,4.052880997,2
6.009230894,0.157917529,2
5.459759091,3.952071519,2
2.317697156,-3.259358742,2
-0.393371591,-3.621657,2
-2.257537607,4.67136957,2
-2.63408651,-0.964589034,2
5.144371564,-1.748006534,2
5.183846814,-2.199283312,2
1.080186263,-3.066800583,2
2.893822132,-2.962009681,2
0.968822657,6.638913031,2
-1.323102053,5.328575845,2
-2.988297773,-1.42790944,2
4.669702547,-2.473895893,2
4.168854334,-2.37755024,2
-3.004866585,2.108501813,2
-0.95972806,6.37265467,2
6.080447477,2.48949006,2
-0.866581297,5.416664485,2
-1.225817773,5.407319617,2
2.867052772,-3.41996641,2
-3.039508544,3.163489399,2
0.575591068,6.401391182,2
1.927348533,-3.253451592,2
6.489962588,0.385583428,2
3.590782102,-3.032492867,2
0.466721799,6.001496299,2
5.906491038,0.448942997,2
-3.220245519,3.912146382,2
-1.217895022,6.108781439,2
0.357194888,6.231118205,2
-3.043170611,0.358332957,2
3.280192048,-3.057245704,2
-2.53642796,3.615511849,2
1.7043631,6.220145114,2
3.851719443,5.515504868,2
5.99690655,3.115173565,2
-1.820688558,-2.672807042,2
1.260572018,6.928123948,2
4.417300501,-2.080011359,2
3.076922675,5.960843093,2
2.620190402,6.657890319,2
5.111433214,-1.269677347,2
-2.583455472,3.675242438,2
5.841588325,-0.470684278,2
-3.609400541,1.134190687,2
-2.601929215,-0.767751573,2
5.312680766,-2.236634583,2
2.721479393,-3.061658756,2
-2.669112274,-1.409971304,2
-0.577670988,5.569841744,2
-1.726184133,5.120933726,2
0.224292256,-3.665060987,2
-2.222059844,5.200960319,2
-2.480192217,4.056291213,2
0.050536735,6.723895608,2
5.361830183,-2.056809409,2
6.281244237,3.151882963,2
1.063881824,-3.161027406,2
5.852360939,-0.996729201,2
6.324946307,-0.193957754,2
2.441728803,-3.828586233,2
-1.503744304,5.289576251,2
-0.660879104,5.722585229,2
0.039749338,6.358934077,2
-0.174956347,-2.99526654,2
-3.029150232,4.507909664,2
4.435510306,5.1945808,2
5.837587603,3.306248752,2
-0.62624356,-3.111366009,2
-1.610152008,5.500333168,2
-1.763678325,5.864164014,2
6.216732049,0.687371641,2
-2.417077519,-1.968720406,2
2.697554059,-2.944593668,2
